id,created_at,created_by,name
02a5acea-dea0-478f-93fb-9e43a2881873,2024-08-29 16:24:44.125044+00,7a94c0de-e9c5-41aa-88c9-abd5a5c3079b,full.moon
047cbd1f-47fa-47da-8eb7-5dc7c1a65569,2024-06-08 18:28:59.707962+00,8592ca5b-8dd0-4ff4-a8cb-acda8b481c1e,festival.street
076a771e-8fcd-49b9-a7f9-86816426cf83,2024-11-11 17:03:25.21076+00,c26ec32f-df6d-403e-9722-88f2abeb910d,art.projection
0c0dc511-d5aa-440f-b006-08f188e75306,2024-07-31 23:29:29.591147+00,175a1a26-2506-4fb5-8d8e-ecc6f965b2f3,democracy
0e988ced-19ee-4a57-a736-78c2453632f6,2026-03-26 01:55:02.237889+00,8592ca5b-8dd0-4ff4-a8cb-acda8b481c1e,nerding.ai
0edf8a29-3c9c-4edd-9f1b-7799be496c74,2024-06-11 21:02:12.850879+00,8592ca5b-8dd0-4ff4-a8cb-acda8b481c1e,creative.civic-hack
0f2741d6-69ab-472d-8930-9df3ee61474d,2026-02-08 11:42:54.637702+00,435aa6cd-a9e7-4980-9543-c734f3fffd1a,meetup
12df1321-1c0a-4f9d-85aa-4a235a36d3a8,2024-12-23 23:49:07.502531+00,,misc.hangout
1382e2fa-ce13-422d-8604-4b5df1e97bc4,2026-02-23 21:18:04.500443+00,2fe6dc7d-20ae-498b-af61-402e6594d1e5,sidequest
148bb5d8-cb80-4f25-8d97-a7c68eaab4df,2024-06-12 12:45:01.153818+00,8592ca5b-8dd0-4ff4-a8cb-acda8b481c1e,date.dinner
1a7ebf04-d72d-479e-9d1e-058801dbe655,2024-07-27 20:23:33.543055+00,c8ee02e5-12e0-4c68-96ce-68441c7c861e,dance.medicine
1c52be3e-e52b-470c-a0f7-e3f4e174b00a,2024-09-12 17:47:48.131417+00,e04dd6dc-ddfc-45cd-ab13-82ff89e2067d,comedy.sketch
1cd61db4-9a68-4b06-9b6d-dc9782ce7f87,2025-02-14 19:14:12.919708+00,8592ca5b-8dd0-4ff4-a8cb-acda8b481c1e,sauna.hang
1e63979a-14bf-4185-9089-d1bd8f16e435,2024-07-03 19:30:52.236+00,8592ca5b-8dd0-4ff4-a8cb-acda8b481c1e,park.beats
20005c1c-9806-4a34-b20a-ed3d47d13add,2024-08-08 23:23:36.26142+00,6e242304-89ff-4147-8509-e4c151cd3c52,party.house
201af5e8-3a71-4bb0-b6d8-00cd2ed5194e,2024-06-16 04:42:00.909916+00,ebd2e065-94cb-4b20-a372-de567f1f4f3e,cat.worship
237e8add-5277-4431-9ce5-9117c11f23dc,2024-09-03 23:06:28.222814+00,427ca322-5fab-4151-b20a-6920d2d5c1ab,art
2402cc02-f199-4f44-a382-0d91248ac081,2026-02-16 23:23:04.882679+00,8592ca5b-8dd0-4ff4-a8cb-acda8b481c1e,games.trivia
245d348c-2e9a-4c13-aa1b-803773b3ba6e,2024-06-16 01:01:49.350904+00,44a6e304-f89a-4be8-bad6-761dcc3c7b3d,park.picnic
2ca07432-240c-409c-a474-42b857cf281a,2024-08-07 18:34:34.500879+00,175a1a26-2506-4fb5-8d8e-ecc6f965b2f3,creative.social
2cba3940-9152-4c1d-8745-781afff677d3,2024-07-25 21:16:14.854335+00,8592ca5b-8dd0-4ff4-a8cb-acda8b481c1e,park.performance
3060aaa1-5684-46ca-846e-928285c1d845,2024-08-17 20:38:16.714969+00,58a33858-bb32-4606-9a48-b257c392e26e,camping
3087fa09-9401-4473-b38a-858e89c05d61,2024-06-08 17:40:52.05527+00,8592ca5b-8dd0-4ff4-a8cb-acda8b481c1e,bike.wander
33282f2b-9815-4d85-a510-9c28c6fa3e09,2024-09-10 23:59:07.975498+00,0557cfba-26ea-4f01-ae1a-cb5fa8c22eb7,corporate.wildlife
33c88438-1e2c-4867-bf54-af29b46570b7,2025-04-28 06:06:42.472324+00,212fb870-43a1-4430-8b47-0cf0a229108a,gsghsh
359306c5-92ee-41d6-bee6-9e911e1a0538,2025-02-22 14:30:00.460927+00,8592ca5b-8dd0-4ff4-a8cb-acda8b481c1e,art.show
3754edfe-2da7-4478-acfa-af064cb90866,2024-09-12 05:12:04.347438+00,e7c2dd7d-d255-4ded-8210-36ab1114b234,volunteer
38242d4f-0b61-4999-b635-d135746631ce,2024-07-05 14:45:26.053982+00,90bbb573-328a-44db-9865-1db6e706d412,performance.drone
3a75b39c-ae60-4525-aa48-aac8164f1f3d,2024-06-23 17:12:39.365759+00,8592ca5b-8dd0-4ff4-a8cb-acda8b481c1e,drinks.outdoor
3be10361-cc8a-4310-a2fd-dd1c53143de8,2024-09-20 20:10:00.635629+00,df35f88c-e979-47cc-be80-da34b3bf56d4,conferences.barcamp
3c0ccc9c-88e2-406b-a657-3a5fcc164689,2024-07-31 17:37:04.85337+00,8592ca5b-8dd0-4ff4-a8cb-acda8b481c1e,conferences.apta
3cb80e6f-85b2-413b-bb0e-587a57a7e74f,2024-06-12 12:07:31.008991+00,8592ca5b-8dd0-4ff4-a8cb-acda8b481c1e,test
420dd827-7157-44f6-bf53-82f43eb829f4,2025-01-20 18:08:30.937964+00,8592ca5b-8dd0-4ff4-a8cb-acda8b481c1e,music.bluegrass
43263fbf-bc31-4903-bd30-180f5ff9962f,2024-09-11 18:33:32.20704+00,e7c2dd7d-d255-4ded-8210-36ab1114b234,nerding.transit
449c3eb4-253a-4a11-8880-ff15fd145e27,2024-07-27 16:48:46.831845+00,8592ca5b-8dd0-4ff4-a8cb-acda8b481c1e,party.block
49ec4067-6fed-4bec-9477-7f2ffea48653,2025-08-04 17:59:24.927122+00,3da5f9a7-0489-4b40-8c01-f58d694ad6ad,ai
4a794e19-5379-45fa-8691-68e2a9aeb990,2024-07-29 20:03:40.410635+00,df35f88c-e979-47cc-be80-da34b3bf56d4,movie
50bc1690-02f0-454e-8560-a4358ccc7184,2025-08-17 03:06:29.543662+00,8592ca5b-8dd0-4ff4-a8cb-acda8b481c1e,music.disco
51db3644-5dad-4841-9e5e-78d4e680e83d,2024-08-29 18:01:39.445882+00,df35f88c-e979-47cc-be80-da34b3bf56d4,bike.protest
51fcf713-3253-472a-99c1-4065487332c8,2024-06-08 17:42:24.428103+00,8592ca5b-8dd0-4ff4-a8cb-acda8b481c1e,run.race
53d01c2e-d8c7-4369-907d-af103b193295,2025-03-16 20:45:39.180762+00,9d14ba52-4256-47b4-b360-dd43b15059ab,reading.club
5a16662e-c5c4-400e-ac15-36ba8fd34123,2024-06-22 16:12:31.60466+00,8592ca5b-8dd0-4ff4-a8cb-acda8b481c1e,food.brunch
5df6d4e9-827b-4930-8ba4-10d0ad527084,2024-08-16 02:35:17.586651+00,df35f88c-e979-47cc-be80-da34b3bf56d4,event.show
62e978cd-5104-40d2-9669-3ed66cccf7d4,2024-10-08 16:15:35.117071+00,8592ca5b-8dd0-4ff4-a8cb-acda8b481c1e,test.test
66ed58fe-2c5b-4876-8c55-2483a550c810,2025-07-06 07:47:46.333118+00,6401cb17-9677-4650-be1d-d204d4fcb5cc,camp
6b01fa52-606d-4fb7-919c-53f090ed85b6,2024-08-03 18:52:28.80934+00,8592ca5b-8dd0-4ff4-a8cb-acda8b481c1e,civic.social
6b71c3ef-e93f-4606-a693-51a4f8432318,2024-06-23 18:55:34.494974+00,89e9ab65-5264-4157-b2c8-8cbadfce664b,coworking.study
6bccb647-b67d-42eb-8fb6-4771a69ed1a3,2024-06-08 18:31:28.545831+00,8592ca5b-8dd0-4ff4-a8cb-acda8b481c1e,party.housewarming
6d593fd2-659f-4b06-8fe0-0d6a2c4f1e21,2024-08-07 13:56:45.488368+00,175a1a26-2506-4fb5-8d8e-ecc6f965b2f3,creative.cmphl
6db82be0-1af7-4d35-b14c-817bbddb4427,2024-06-11 23:28:25.902329+00,8592ca5b-8dd0-4ff4-a8cb-acda8b481c1e,yoga.outdoor
6dc8c9a1-3dce-4aa1-b678-1db32f796c44,2024-06-23 17:10:43.494348+00,,tv.formula1
74e82851-1582-43c2-80a7-0c483a09cb2f,2025-11-29 19:38:12.618522+00,8592ca5b-8dd0-4ff4-a8cb-acda8b481c1e,food.dinner
794009b4-3078-4bb0-ad1d-15f978e4c019,2024-07-31 02:37:17.76968+00,8592ca5b-8dd0-4ff4-a8cb-acda8b481c1e,music.concert
79d6663d-b581-4551-974f-6b0a2302c3ad,2025-03-13 15:51:01.725733+00,8592ca5b-8dd0-4ff4-a8cb-acda8b481c1e,party.rooftop
7d5e6c42-06d5-45db-aeea-096680124f10,2024-06-29 23:48:33.352998+00,8592ca5b-8dd0-4ff4-a8cb-acda8b481c1e,creative.design-jam
7e7fceb3-f853-4ea8-8d16-2a5dd2de6125,2024-07-21 01:31:28.803046+00,8592ca5b-8dd0-4ff4-a8cb-acda8b481c1e,drinks.cocktails
7ffc7aa5-4e4f-4317-bb02-0030186e0cee,2024-06-18 19:00:32.692851+00,0ee906bf-4fa0-465c-b1ec-86247f8968c4,party.birthday
817ee599-151f-47c8-ba5b-27c4bd2b90a9,2024-10-14 04:41:27.019109+00,e7c2dd7d-d255-4ded-8210-36ab1114b234,art.theater
84928a9c-d7d6-41f3-ac15-9e216550afc5,2024-09-11 00:06:07.994622+00,0557cfba-26ea-4f01-ae1a-cb5fa8c22eb7,dive.bar
88fffd89-c586-4594-9e04-eaade461c296,2026-03-14 17:10:17.511602+00,1f20ecd4-e153-4132-a0a8-869bd13c3ec9,music
8cf08e51-2097-4b18-b5f5-7af2db177e0b,2024-07-02 10:43:45.115885+00,df35f88c-e979-47cc-be80-da34b3bf56d4,swim.public-pool
8d6b3ccb-4b67-48e2-bc3c-debe8fbb3f70,2025-11-06 22:22:46.031422+00,d4f1dbe4-b38e-4a4a-b47c-040d5bf39486,music.band
90083b51-a504-4a61-bf80-5504a28434e2,2024-06-08 17:44:15.702373+00,8592ca5b-8dd0-4ff4-a8cb-acda8b481c1e,run.trail
90f8b07d-cb82-4171-ad76-d3f6c836eb7e,2024-09-21 12:31:00.22277+00,e04dd6dc-ddfc-45cd-ab13-82ff89e2067d,comedy.standup
91f90900-7df9-420b-9c06-888b1e82aa57,2025-05-15 19:36:10.53709+00,d4f1dbe4-b38e-4a4a-b47c-040d5bf39486,party.goingaway
95b63e15-23cd-4dc5-b1f1-b782e8fb0c9f,2024-06-19 11:27:18.043446+00,1aedf636-f3fe-466e-9f44-e072e9ed8b36,holiday.juneteenth
978eabdd-55ad-40c9-8157-6a95276f0457,2024-08-23 18:13:30.089279+00,2e3993ea-54af-425e-82c1-3e2cdeb482ec,dancing
99c38223-2f04-4baf-9792-8f24cfcf0ebd,2025-03-20 20:19:13.250839+00,6d1cb2f5-48a8-4523-9a24-413fa3bd1263,yoga
9cfaab64-6134-4345-92f1-83dc3e4689a2,2024-06-08 17:41:17.26626+00,8592ca5b-8dd0-4ff4-a8cb-acda8b481c1e,run.fun
9d247116-0931-4eb2-b81b-56496513b6cd,2024-08-30 01:40:51.277994+00,0ee906bf-4fa0-465c-b1ec-86247f8968c4,park.beer
a3288514-fa23-43b5-9c7b-a45ba538f80b,2026-01-16 20:46:09.992359+00,8592ca5b-8dd0-4ff4-a8cb-acda8b481c1e,games.bingo
a3b27cd6-afaf-47c8-b013-1bfd80ff9483,2024-10-31 14:48:42.88808+00,8592ca5b-8dd0-4ff4-a8cb-acda8b481c1e,cosmic.eclipse
a508ce47-1d4d-45f1-af79-8771436c9e36,2024-12-30 02:44:41.110663+00,8592ca5b-8dd0-4ff4-a8cb-acda8b481c1e,music.brass
a78565d1-097c-48de-85a2-4429cbd55fc6,2024-06-08 17:44:04.509036+00,8592ca5b-8dd0-4ff4-a8cb-acda8b481c1e,bike.trail
ad3be6f3-8f83-415d-beb2-1a19c4278d91,2024-06-11 23:23:54.692213+00,8592ca5b-8dd0-4ff4-a8cb-acda8b481c1e,yoga.class
ae9b30c7-4523-44d8-a848-ba8ffffa90ef,2024-06-08 17:40:16.49319+00,8592ca5b-8dd0-4ff4-a8cb-acda8b481c1e,bike.joyride
aeec715b-2fa4-45f2-9163-10a6921dc355,2024-06-08 18:28:50.596907+00,8592ca5b-8dd0-4ff4-a8cb-acda8b481c1e,festival.music
afb1de5b-af26-4a07-bb5b-7df4c99ea022,2024-09-02 01:52:13.028118+00,df35f88c-e979-47cc-be80-da34b3bf56d4,festival
b07c1454-8dbe-46b7-8538-9654deb9c57e,2025-02-10 00:48:52.043663+00,bdea19ac-cd47-4ec3-866d-481a72e539d7,singyourheartout
b16c22dc-dd10-4570-9cda-87700aea592f,2024-06-13 05:19:39.536568+00,8592ca5b-8dd0-4ff4-a8cb-acda8b481c1e,music.house
b43c1a02-530f-4419-8027-66f2652b24b0,2024-08-27 15:08:47.392806+00,7c169dcb-6ef8-4c8d-9a5a-b4a696f3a724,potluck
b9b87f37-d92c-4683-b8cf-b18f98de50df,2024-11-03 22:53:42.028749+00,8592ca5b-8dd0-4ff4-a8cb-acda8b481c1e,politics.rally
bb819bf3-26ab-4d2a-95bc-6c9c15ab25f9,2024-11-23 12:49:30.026645+00,89e9ab65-5264-4157-b2c8-8cbadfce664b,chill
be3f1e0e-93c6-4683-8994-a6b7d9cf5dbb,2025-01-03 14:13:30.005548+00,74011923-052a-4272-a013-2117dfd8203a,board.games
c0cf3e3e-43c5-4cf5-9f7b-f4637fa73dec,2024-09-02 01:43:04.477113+00,df35f88c-e979-47cc-be80-da34b3bf56d4,protest
c234eb86-9dc3-4a14-ae4e-f5f50970e588,2024-09-14 14:56:56.11513+00,0557cfba-26ea-4f01-ae1a-cb5fa8c22eb7,whoops
c3460435-4871-4e2b-9fdc-78ae53f13ce5,2024-10-31 14:30:19.305202+00,8592ca5b-8dd0-4ff4-a8cb-acda8b481c1e,politics.watch
c5a0b042-b8b9-4ad5-8b98-c41af53cc271,2025-02-07 19:07:42.057054+00,8592ca5b-8dd0-4ff4-a8cb-acda8b481c1e,music.funk
c710111e-b1d3-46c8-a40a-6da0f8be060c,2025-01-04 23:40:31.269555+00,8592ca5b-8dd0-4ff4-a8cb-acda8b481c1e,conferences.trb
cdbc1ee6-73ea-4c69-aa6a-25e5096685e6,2024-06-08 17:40:39.016418+00,8592ca5b-8dd0-4ff4-a8cb-acda8b481c1e,bike.train
cdbdae71-01f5-4ce0-a801-5f523c59c938,2024-09-17 15:24:14.353729+00,df35f88c-e979-47cc-be80-da34b3bf56d4,icecream
d2ff8a8b-5a89-4dad-bc91-b2a375ca1f99,2024-06-08 17:41:02.99645+00,8592ca5b-8dd0-4ff4-a8cb-acda8b481c1e,bike.race
d47c477e-11c4-4150-9d63-72acf9605779,2025-09-05 14:22:16.399916+00,e7c2dd7d-d255-4ded-8210-36ab1114b234,art.walk
d694960e-f004-4eb6-a2fe-2b6405598538,2025-06-04 22:08:59.053105+00,e7c2dd7d-d255-4ded-8210-36ab1114b234,museum
dd249ceb-9956-4ad5-97bf-97cf674d278f,2025-04-27 01:36:01.280029+00,8592ca5b-8dd0-4ff4-a8cb-acda8b481c1e,music.samba
dd304252-7276-451c-ae81-952d0444191a,2024-06-22 23:57:29.575009+00,8592ca5b-8dd0-4ff4-a8cb-acda8b481c1e,date.hangout
def6388c-4b14-4052-874f-dc93526ab386,2024-06-11 23:24:35.963444+00,8592ca5b-8dd0-4ff4-a8cb-acda8b481c1e,bike.group-ride
e0158eb3-ee12-45e1-9a1f-9d4d95db7593,2024-06-25 00:39:57.124807+00,97c4419e-d02f-44b6-8ece-543c4fbfa975,hike.wildlife
e0b05b42-738f-4a4f-bfb6-8436f96e7546,2025-01-08 01:22:49.392243+00,df35f88c-e979-47cc-be80-da34b3bf56d4,dance.party
e2c7bd42-d07c-4d08-9203-34c9a900436c,2024-06-08 17:42:10.706229+00,8592ca5b-8dd0-4ff4-a8cb-acda8b481c1e,run.train